{"cameraMode":{"drawMode":0,"name":"Shaded","section":"Shading Mode"},"sceneLighting":false,"audioPlay":false,"sceneViewState":{"m_AlwaysRefresh":true,"showFog":true,"showSkybox":false,"showFlares":true,"showImageEffects":true,"showParticleSystems":true,"showVisualEffectGraphs":true,"m_FxEnabled":false},"in2DMode":false,"pivot":{"x":-0.013902366161346436,"y":4.083885192871094,"z":89.99304962158203},"rotation":{"x":-0.028805764392018319,"y":0.000596851808950305,"z":-0.000016531934306840412,"w":-0.999589741230011},"size":8.55499267578125,"orthographic":false}